filename,intermolecular_contacts,charged_charged_contacts,charged_polar_contacts,charged_apolar_contacts,polar_polar_contacts,apolar_polar_contacts,apolar_apolar_contacts
1a3b_mute_10.pdb,294,33,13,72,3,34,139
1a3b_mute_11.pdb,293,32,13,72,3,34,139
1a3b_mute_1.pdb,296,33,13,73,3,34,140
1a3b_mute_2.pdb,296,33,13,73,3,35,139
1a3b_mute_3.pdb,299,34,13,75,3,34,140
1a3b_mute_4.pdb,297,34,13,73,3,34,140
1a3b_mute_5.pdb,310,35,13,75,3,35,149
1a3b_mute_6.pdb,301,34,13,75,3,34,142
1a3b_mute_7.pdb,303,35,13,75,3,34,143
1a3b_mute_8.pdb,298,34,13,73,3,34,141
1a3b_mute_9.pdb,295,33,13,72,3,34,140
1a3b.pdb,119,15,9,35,1,12,47
1a3e_mute_10.pdb,295,33,13,73,3,34,139
1a3e_mute_1.pdb,296,33,13,72,3,34,141
1a3e_mute_2.pdb,294,32,13,72,3,34,140
1a3e_mute_3.pdb,296,33,13,72,3,34,141
1a3e_mute_4.pdb,299,34,13,74,3,34,141
1a3e_mute_5.pdb,295,33,13,72,3,34,140
1a3e_mute_6.pdb,291,32,13,71,3,34,138
1a3e_mute_7.pdb,300,33,13,74,3,36,141
1a3e_mute_8.pdb,296,33,13,73,3,34,140
1a3e_mute_9.pdb,298,34,13,73,3,34,141
1a3e.pdb,118,13,9,36,2,13,45
1a46_mute_10.pdb,273,37,12,65,3,30,126
1a46_mute_1.pdb,276,37,12,67,3,30,127
1a46_mute_2.pdb,274,35,12,67,3,31,126
1a46_mute_3.pdb,276,37,12,67,3,30,127
1a46_mute_4.pdb,276,36,12,67,3,30,128
1a46_mute_5.pdb,277,37,12,69,3,30,126
1a46_mute_6.pdb,273,36,12,66,3,30,126
1a46_mute_7.pdb,271,36,12,66,3,30,124
1a46_mute_8.pdb,279,36,12,69,3,31,128
1a46_mute_9.pdb,273,36,12,66,3,30,126
1a46.pdb,105,11,8,31,1,12,42
1a4p_mute_10.pdb,99,2,9,15,6,25,42
1a4p_mute_11.pdb,97,2,9,14,6,24,42
1a4p_mute_1.pdb,97,2,9,15,6,24,41
1a4p_mute_2.pdb,96,2,9,14,6,24,41
1a4p_mute_3.pdb,97,3,8,15,6,23,42
1a4p_mute_4.pdb,97,3,7,15,6,24,42
1a4p_mute_5.pdb,96,2,9,15,6,23,41
1a4p_mute_6.pdb,96,2,9,14,6,24,41
1a4p_mute_7.pdb,100,2,9,16,6,25,42
1a4p_mute_8.pdb,97,2,9,15,6,23,42
1a4p_mute_9.pdb,96,2,9,14,6,24,41
1a4p.pdb,8,2,0,2,1,2,1
1a4w_mute_10.pdb,286,33,12,69,3,33,136
1a4w_mute_11.pdb,281,33,12,64,3,33,136
1a4w_mute_12.pdb,279,33,12,63,3,33,135
1a4w_mute_1.pdb,284,33,12,68,3,33,135
1a4w_mute_2.pdb,288,35,12,68,3,33,137
1a4w_mute_3.pdb,289,35,12,69,3,33,137
1a4w_mute_4.pdb,283,33,12,66,3,33,136
1a4w_mute_5.pdb,282,33,12,65,3,33,136
1a4w_mute_6.pdb,285,35,12,67,3,33,135
1a4w_mute_7.pdb,282,32,12,66,3,33,136
1a4w_mute_8.pdb,287,35,12,68,3,33,136
1a4w_mute_9.pdb,283,33,12,65,3,33,137
1a4w.pdb,102,12,8,30,1,11,40
1a5g_mute_10.pdb,280,31,13,72,3,31,130
1a5g_mute_1.pdb,278,31,13,71,3,31,129
1a5g_mute_2.pdb,277,29,13,71,3,32,129
1a5g_mute_3.pdb,279,30,13,72,3,31,130
1a5g_mute_4.pdb,276,29,13,71,3,31,129
1a5g_mute_5.pdb,276,30,13,71,3,31,128
1a5g_mute_6.pdb,278,30,13,72,3,31,129
1a5g_mute_7.pdb,280,31,13,72,3,31,130
1a5g_mute_8.pdb,278,30,13,72,3,31,129
1a5g_mute_9.pdb,279,30,13,72,3,31,130
1a5g.pdb,112,13,9,35,1,12,42
1a61_mute_1.pdb,282,31,13,73,3,31,131
1a61_mute_2.pdb,281,31,13,72,3,31,131
1a61_mute_3.pdb,277,29,13,72,3,31,129
1a61_mute_4.pdb,277,29,13,71,3,31,130
1a61_mute_5.pdb,280,31,13,72,3,31,130
1a61_mute_6.pdb,278,31,13,70,3,31,130
1a61_mute_7.pdb,279,30,13,72,3,31,130
1a61_mute_8.pdb,277,29,13,72,3,31,129
1a61.pdb,110,13,9,33,1,12,42
1a6y_mute_1.pdb,30,1,1,14,0,1,13
1a6y_mute_2.pdb,31,1,1,11,0,1,17
1a6y_mute_3.pdb,32,1,1,13,0,1,16
1a6y_mute_4.pdb,30,2,1,14,0,1,12
1a6y_mute_5.pdb,29,1,0,11,0,1,16
1a6y_mute_6.pdb,29,1,1,14,0,0,13
1a6y_mute_7.pdb,31,2,0,15,0,1,13
1a6y_mute_8.pdb,41,3,1,14,0,3,20
1a6y.pdb,7,2,0,3,0,1,1
1a7f_mute_10.pdb,1482,50,43,195,78,272,844
1a7f_mute_11.pdb,1564,40,59,194,79,367,825
1a7f_mute_12.pdb,1482,52,42,197,78,273,840
1a7f_mute_13.pdb,1478,54,41,194,78,272,839
1a7f_mute_1.pdb,1490,49,74,192,78,303,794
1a7f_mute_2.pdb,1581,67,82,205,60,241,926
1a7f_mute_3.pdb,1480,52,41,196,78,273,840
1a7f_mute_4.pdb,1489,47,75,192,81,309,785
1a7f_mute_5.pdb,1574,46,55,184,78,348,863
1a7f_mute_6.pdb,1490,53,40,208,78,273,838
1a7f_mute_7.pdb,1689,46,51,175,98,440,879
1a7f_mute_8.pdb,1672,57,66,178,79,365,927
1a7f_mute_9.pdb,1457,54,40,179,78,272,834
1a7f.pdb,19825,0,799,2031,235,3216,13544
1a7x_mute_1.pdb,25,4,2,7,2,6,4
1a7x_mute_2.pdb,25,3,3,6,2,6,5
1a7x_mute_3.pdb,26,4,3,7,2,6,4
1a7x_mute_4.pdb,28,4,3,8,2,6,5
1a7x_mute_5.pdb,23,3,2,7,2,5,4
1a7x_mute_6.pdb,25,4,3,7,2,6,3
1a7x_mute_7.pdb,28,4,3,8,2,6,5
1a7x.pdb,41,10,5,15,0,7,4
1a8g_mute_1.pdb,154,5,6,14,11,44,74
1a8g_mute_2.pdb,156,5,6,14,11,44,76
1a8g_mute_3.pdb,157,5,6,14,12,44,76
1a8g_mute_4.pdb,153,5,6,14,11,44,73
1a8g_mute_5.pdb,154,5,6,14,11,44,74
1a8g_mute_6.pdb,156,5,6,14,11,44,76
1a8g_mute_7.pdb,153,5,6,14,11,44,73
1a8g_mute_8.pdb,158,5,6,13,11,45,78
1a8g_mute_9.pdb,155,5,6,14,11,44,75
1a8g.pdb,155,5,4,12,12,45,77
1a93_mute_10.pdb,15,0,0,5,0,4,6
1a93_mute_11.pdb,15,0,0,5,0,4,6
1a93_mute_12.pdb,15,0,0,5,0,4,6
1a93_mute_1.pdb,15,0,0,5,0,4,6
1a93_mute_2.pdb,15,0,0,5,0,4,6
1a93_mute_3.pdb,16,0,1,5,0,4,6
1a93_mute_4.pdb,15,0,0,5,0,4,6
1a93_mute_5.pdb,15,0,0,5,0,4,6
1a93_mute_6.pdb,15,0,0,5,0,4,6
1a93_mute_7.pdb,15,0,0,5,0,4,6
1a93_mute_8.pdb,15,0,0,5,0,4,6
1a93_mute_9.pdb,15,0,0,5,0,4,6
1a93.pdb,44,6,7,14,0,6,11
1a9m_mute_1.pdb,162,5,6,19,11,44,77
1a9m_mute_2.pdb,161,5,6,18,11,44,77
1a9m_mute_3.pdb,156,5,6,18,11,44,72
1a9m_mute_4.pdb,161,5,6,18,11,44,77
1a9m_mute_5.pdb,162,5,6,18,11,45,77
1a9m_mute_6.pdb,159,5,6,17,11,45,75
1a9m_mute_7.pdb,160,5,6,18,11,44,76
1a9m_mute_8.pdb,160,5,6,18,11,44,76
1a9m.pdb,156,5,4,17,11,45,74
1aap_mute_1.pdb,26,3,1,14,0,0,8
1aap_mute_2.pdb,25,3,0,14,0,0,8
1aap_mute_3.pdb,26,4,0,14,0,0,8
1aap_mute_4.pdb,26,3,0,15,0,0,8
1aap_mute_5.pdb,28,5,1,14,0,0,8
1aap_mute_6.pdb,26,3,0,15,0,0,8
1aap_mute_7.pdb,26,3,1,14,0,0,8
1aap_mute_8.pdb,27,4,0,15,0,0,8
1aap_mute_9.pdb,26,3,0,15,0,0,8
1aap.pdb,34,2,7,2,9,12,2
1aaq_mute_10.pdb,153,5,6,14,11,44,73
1aaq_mute_11.pdb,157,5,6,14,11,44,77
1aaq_mute_12.pdb,158,5,6,14,11,44,78
1aaq_mute_1.pdb,155,5,8,16,9,42,75
1aaq_mute_2.pdb,155,5,6,14,11,44,75
1aaq_mute_3.pdb,153,5,6,14,11,44,73
1aaq_mute_4.pdb,154,5,6,14,11,44,74
1aaq_mute_5.pdb,154,5,6,14,11,44,74
1aaq_mute_6.pdb,155,5,6,14,10,44,76
1aaq_mute_7.pdb,158,5,6,14,11,44,78
1aaq_mute_8.pdb,156,5,6,14,11,44,76
1aaq_mute_9.pdb,153,5,6,14,11,44,73
1aaq.pdb,158,5,6,12,11,43,81
1abi_mute_10.pdb,371,35,18,92,5,58,163
1abi_mute_1.pdb,373,36,18,92,5,58,164
1abi_mute_2.pdb,371,35,18,91,5,58,164
1abi_mute_3.pdb,372,34,18,93,5,58,164
1abi_mute_4.pdb,371,35,18,92,5,58,163
1abi_mute_5.pdb,376,35,18,95,5,59,164
1abi_mute_6.pdb,376,35,18,95,5,59,164
1abi_mute_7.pdb,372,36,18,91,5,58,164
1abi_mute_8.pdb,370,34,18,92,5,57,164
1abi_mute_9.pdb,368,35,18,91,5,57,162
1abi.pdb,161,11,13,44,3,19,71
1abj_mute_1.pdb,297,27,16,77,3,40,134
1abj_mute_2.pdb,300,27,16,78,3,40,136
1abj_mute_3.pdb,296,27,16,75,3,39,136
1abj_mute_4.pdb,297,26,16,77,3,40,135
1abj_mute_5.pdb,300,27,16,77,3,42,135
1abj_mute_6.pdb,297,26,16,76,3,41,135
1abj_mute_7.pdb,298,27,16,77,3,40,135
1abj_mute_8.pdb,299,28,16,77,3,41,134
1abj_mute_9.pdb,299,27,16,78,3,41,134
1abj.pdb,79,12,4,25,1,7,30
1abo_mute_1.pdb,52,0,1,2,6,21,22
1abo_mute_2.pdb,59,0,1,5,3,23,27
1abo_mute_3.pdb,30,0,1,4,6,14,5
1abo_mute_4.pdb,51,0,1,2,4,23,21
1abo_mute_5.pdb,56,0,2,2,7,22,23
1abo_mute_6.pdb,56,0,2,2,4,24,24
1abo_mute_7.pdb,51,0,1,2,5,20,23
1abo_mute_8.pdb,61,0,1,4,4,27,25
1abo.pdb,87,0,6,12,3,22,44
1ad8_mute_1.pdb,331,35,17,80,4,47,148
1ad8_mute_2.pdb,333,35,18,80,4,47,149
1ad8_mute_3.pdb,332,35,17,81,4,48,147
1ad8_mute_4.pdb,335,36,18,81,4,48,148
1ad8_mute_5.pdb,334,35,18,80,4,49,148
1ad8_mute_6.pdb,333,35,17,81,4,47,149
1ad8_mute_7.pdb,331,35,17,79,4,47,149
1ad8_mute_8.pdb,332,36,17,81,4,47,147
1ad8_mute_9.pdb,333,36,17,80,4,46,150
1ad8.pdb,111,12,8,34,1,13,43
1ae8_mute_10.pdb,361,32,19,91,7,60,152
1ae8_mute_11.pdb,366,33,19,92,8,61,153
1ae8_mute_1.pdb,360,32,19,91,7,59,152
1ae8_mute_2.pdb,364,32,19,92,7,60,154
1ae8_mute_3.pdb,360,32,19,91,8,58,152
1ae8_mute_4.pdb,357,30,19,91,7,58,152
1ae8_mute_5.pdb,359,32,18,91,7,59,152
1ae8_mute_6.pdb,358,31,19,91,7,58,152
1ae8_mute_7.pdb,360,32,19,91,7,59,152
1ae8_mute_8.pdb,358,31,19,91,7,58,152
1ae8_mute_9.pdb,361,32,19,91,7,60,152
1ae8.pdb,138,16,15,41,2,17,47
1afe_mute_10.pdb,360,32,19,91,7,59,152
1afe_mute_1.pdb,363,32,19,91,6,60,155
1afe_mute_2.pdb,360,32,19,91,8,58,152
1afe_mute_3.pdb,359,32,19,91,7,58,152
1afe_mute_4.pdb,362,32,19,91,8,60,152
1afe_mute_5.pdb,360,32,19,91,7,59,152
1afe_mute_6.pdb,360,32,19,91,7,59,152
1afe_mute_7.pdb,364,33,19,92,7,61,152
1afe_mute_8.pdb,362,32,19,91,8,60,152
1afe_mute_9.pdb,361,32,19,91,7,59,153
1afe.pdb,135,15,15,41,2,17,45
1afo_mute_10.pdb,,,,,,,
1afo_mute_11.pdb,,,,,,,
1afo_mute_1.pdb,,,,,,,
1afo_mute_2.pdb,,,,,,,
1afo_mute_3.pdb,,,,,,,
1afo_mute_4.pdb,,,,,,,
1afo_mute_5.pdb,,,,,,,
1afo_mute_6.pdb,,,,,,,
1afo_mute_7.pdb,,,,,,,
1afo_mute_8.pdb,,,,,,,
1afo_mute_9.pdb,,,,,,,
1afo.pdb,17536,841,327,1740,431,3488,10709
1aht_mute_10.pdb,296,31,14,75,3,34,139
1aht_mute_1.pdb,297,30,14,76,3,35,139
1aht_mute_2.pdb,298,31,14,76,3,34,140
1aht_mute_3.pdb,298,31,14,76,3,34,140
1aht_mute_4.pdb,296,30,14,76,3,34,139
1aht_mute_5.pdb,298,30,14,76,3,35,140
1aht_mute_6.pdb,295,30,14,76,3,33,139
1aht_mute_7.pdb,301,31,14,77,3,36,140
1aht_mute_8.pdb,302,32,14,76,3,35,142
1aht_mute_9.pdb,298,31,14,76,3,34,140
1aht.pdb,110,12,10,33,1,12,42
1ai8_mute_10.pdb,295,32,13,72,3,34,141
1ai8_mute_1.pdb,295,33,13,73,3,34,139
1ai8_mute_2.pdb,296,32,13,73,3,34,141
1ai8_mute_3.pdb,295,32,13,73,3,34,140
1ai8_mute_4.pdb,294,32,13,72,3,34,140
1ai8_mute_5.pdb,297,32,13,73,3,34,142
1ai8_mute_6.pdb,292,31,13,72,3,34,139
1ai8_mute_7.pdb,293,32,13,72,3,34,139
1ai8_mute_8.pdb,294,31,13,73,3,35,139
1ai8_mute_9.pdb,295,32,13,72,3,34,141
1ai8.pdb,112,15,8,33,1,12,43
1aid_mute_1.pdb,159,5,6,15,11,44,78
1aid_mute_2.pdb,153,5,6,14,11,44,73
1aid_mute_3.pdb,156,5,6,14,11,44,76
1aid_mute_4.pdb,159,5,6,13,11,45,79
1aid_mute_5.pdb,160,5,6,14,11,44,80
1aid_mute_6.pdb,153,5,6,14,11,44,73
1aid_mute_7.pdb,155,5,6,14,11,45,74
1aid_mute_8.pdb,154,5,6,14,11,44,74
1aid_mute_9.pdb,155,5,6,14,11,44,75
1aid.pdb,143,5,4,16,11,44,63
1aik_mute_10.pdb,15,1,0,5,0,1,8
1aik_mute_11.pdb,59,1,2,9,8,13,26
1aik_mute_12.pdb,60,1,2,9,8,14,26
1aik_mute_13.pdb,15,1,0,5,0,1,8
1aik_mute_1.pdb,15,1,0,5,0,1,8
1aik_mute_2.pdb,62,2,2,11,8,14,25
1aik_mute_3.pdb,15,1,0,5,0,1,8
1aik_mute_4.pdb,15,1,0,5,0,1,8
1aik_mute_5.pdb,15,1,0,5,0,1,8
1aik_mute_6.pdb,58,1,2,9,8,13,25
1aik_mute_7.pdb,58,1,2,9,8,13,25
1aik_mute_8.pdb,15,1,0,5,0,1,8
1aik_mute_9.pdb,59,1,2,9,8,14,25
1aik.pdb,53,1,4,6,9,13,20
1aix_mute_1.pdb,294,32,13,72,3,34,140
1aix_mute_2.pdb,295,32,13,73,3,34,140
1aix_mute_3.pdb,294,32,13,72,3,34,140
1aix_mute_4.pdb,295,32,13,73,3,34,140
1aix_mute_5.pdb,297,33,13,73,3,34,141
1aix_mute_6.pdb,297,32,13,74,3,34,141
1aix_mute_7.pdb,296,32,13,72,3,35,141
1aix_mute_8.pdb,297,32,13,73,3,34,142
1aix_mute_9.pdb,295,32,13,73,3,34,140
1aix.pdb,112,13,8,35,1,12,43
1aj9_mute_10.pdb,21,7,7,5,0,1,1
1aj9_mute_1.pdb,21,6,7,6,0,1,1
1aj9_mute_2.pdb,20,6,7,5,0,1,1
1aj9_mute_3.pdb,21,6,6,6,0,1,2
1aj9_mute_4.pdb,22,7,5,7,0,1,2
1aj9_mute_5.pdb,20,6,6,5,0,1,2
1aj9_mute_6.pdb,20,5,6,6,0,1,2
1aj9_mute_7.pdb,19,6,7,4,0,1,1
1aj9_mute_8.pdb,19,6,7,4,0,1,1
1aj9_mute_9.pdb,18,5,7,4,0,1,1
1aj9.pdb,75,3,8,30,2,9,23
1ajv_mute_10.pdb,155,5,6,14,11,44,75
1ajv_mute_11.pdb,154,5,6,14,11,44,74
1ajv_mute_12.pdb,154,5,6,14,11,44,74
1ajv_mute_13.pdb,155,5,6,14,11,43,76
1ajv_mute_1.pdb,152,5,6,13,11,44,73
1ajv_mute_2.pdb,160,5,6,14,11,44,80
1ajv_mute_3.pdb,159,5,6,15,11,44,78
1ajv_mute_4.pdb,155,5,6,14,11,44,75
1ajv_mute_5.pdb,154,5,6,14,11,44,74
1ajv_mute_6.pdb,154,5,6,14,11,44,74
1ajv_mute_7.pdb,159,5,6,14,11,45,78
1ajv_mute_8.pdb,153,5,6,14,11,44,73
1ajv_mute_9.pdb,156,5,6,14,11,44,76
1ajv.pdb,164,5,5,14,11,45,84
1ajx_mute_10.pdb,154,5,6,14,11,44,74
1ajx_mute_11.pdb,157,5,6,13,11,44,78
1ajx_mute_12.pdb,154,5,8,16,9,42,74
1ajx_mute_13.pdb,154,5,6,14,11,44,74
1ajx_mute_1.pdb,157,5,6,14,11,44,77
1ajx_mute_2.pdb,152,5,6,14,11,44,72
1ajx_mute_3.pdb,155,5,6,15,11,44,74
1ajx_mute_4.pdb,153,5,6,13,11,44,74
1ajx_mute_5.pdb,158,5,6,14,11,44,78
1ajx_mute_6.pdb,152,5,6,13,11,44,73
1ajx_mute_7.pdb,155,5,6,14,11,43,76
1ajx_mute_8.pdb,158,5,6,14,11,44,78
1ajx_mute_9.pdb,154,5,6,14,11,44,74
1ajx.pdb,158,5,5,13,11,45,79
1an1_mute_10.pdb,37,1,4,4,4,14,10
1an1_mute_11.pdb,37,1,4,4,4,14,10
1an1_mute_12.pdb,36,1,4,3,4,14,10
1an1_mute_13.pdb,36,1,4,3,4,14,10
1an1_mute_1.pdb,37,1,4,4,4,14,10
1an1_mute_2.pdb,36,1,4,3,4,14,10
1an1_mute_3.pdb,36,1,4,3,4,14,10
1an1_mute_4.pdb,36,1,4,3,4,14,10
1an1_mute_5.pdb,36,1,4,3,4,14,10
1an1_mute_6.pdb,37,1,4,4,4,14,10
1an1_mute_7.pdb,37,1,4,4,4,14,10
1an1_mute_8.pdb,37,1,4,4,4,14,10
1an1_mute_9.pdb,37,1,4,4,4,14,10
1an1.pdb,70,4,5,18,1,13,29
1an4_mute_10.pdb,15,7,3,2,0,3,0
1an4_mute_1.pdb,16,8,3,2,0,3,0
1an4_mute_2.pdb,15,7,3,2,0,3,0
1an4_mute_3.pdb,16,8,3,2,0,3,0
1an4_mute_4.pdb,15,7,3,2,0,3,0
1an4_mute_5.pdb,16,8,3,2,0,3,0
1an4_mute_6.pdb,15,7,3,2,0,3,0
1an4_mute_7.pdb,15,7,3,2,0,3,0
1an4_mute_8.pdb,15,7,3,2,0,3,0
1an4_mute_9.pdb,16,8,3,2,0,3,0
1an4.pdb,44,2,0,17,1,10,14
1aqc_mute_1.pdb,354,15,31,74,7,77,150
1aqc_mute_2.pdb,353,15,30,77,5,74,152
1aqc_mute_3.pdb,354,15,31,78,5,72,153
1aqc_mute_4.pdb,354,15,31,78,6,71,153
1aqc_mute_5.pdb,356,16,31,77,5,75,152
1aqc_mute_6.pdb,350,15,30,78,5,70,152
1aqc.pdb,129,5,9,25,11,38,41
1aue_mute_1.pdb,32,9,4,9,1,5,4
1aue_mute_2.pdb,30,8,4,9,1,4,4
1aue_mute_3.pdb,33,8,5,10,1,5,4
1aue_mute_4.pdb,31,8,5,9,1,4,4
1aue_mute_5.pdb,34,8,5,11,1,5,4
1aue.pdb,1,1,0,0,0,0,0
1av5_mute_10.pdb,183,20,10,58,3,28,64
1av5_mute_11.pdb,182,20,10,59,3,27,63
1av5_mute_1.pdb,181,20,10,58,3,29,61
1av5_mute_2.pdb,185,20,10,59,3,28,65
1av5_mute_3.pdb,183,18,12,56,3,30,64
1av5_mute_4.pdb,185,20,10,58,3,28,66
1av5_mute_5.pdb,186,20,10,59,3,27,67
1av5_mute_6.pdb,182,21,10,60,3,24,64
1av5_mute_7.pdb,183,20,10,58,3,28,64
1av5_mute_8.pdb,183,20,10,58,3,29,63
1av5_mute_9.pdb,179,20,10,57,3,26,63
1av5.pdb,197,19,10,66,3,29,70
1avp_mute_10.pdb,15,0,1,3,2,4,5
1avp_mute_1.pdb,15,0,1,3,2,4,5
1avp_mute_2.pdb,15,0,1,3,2,4,5
1avp_mute_3.pdb,15,0,1,3,2,4,5
1avp_mute_4.pdb,15,0,1,3,2,4,5
1avp_mute_5.pdb,15,0,1,3,2,4,5
1avp_mute_6.pdb,15,0,1,3,2,4,5
1avp_mute_7.pdb,15,0,1,3,2,4,5
1avp_mute_8.pdb,15,0,1,3,2,4,5
1avp_mute_9.pdb,15,0,1,3,2,4,5
1avp.pdb,77,8,9,23,5,12,20
1avz_mute_10.pdb,231,15,8,80,0,24,104
1avz_mute_1.pdb,226,15,7,81,0,22,101
1avz_mute_2.pdb,234,16,10,80,0,26,102
1avz_mute_3.pdb,228,15,8,79,0,22,104
1avz_mute_4.pdb,226,15,9,79,0,22,101
1avz_mute_5.pdb,228,16,8,81,0,23,100
1avz_mute_6.pdb,230,16,7,81,0,24,102
1avz_mute_7.pdb,227,16,7,80,0,23,101
1avz_mute_8.pdb,229,16,7,81,0,23,102
1avz_mute_9.pdb,229,16,6,81,0,24,102
1avz.pdb,76,10,9,19,2,15,21
1awf_mute_1.pdb,324,30,16,79,4,50,145
1awf_mute_2.pdb,319,29,16,79,4,49,142
1awf_mute_3.pdb,323,30,16,79,4,50,144
1awf_mute_4.pdb,321,29,16,79,4,50,143
1awf_mute_5.pdb,323,31,16,77,4,50,145
1awf_mute_6.pdb,321,29,16,78,4,50,144
1awf_mute_7.pdb,321,31,16,77,4,49,144
1awf_mute_8.pdb,324,30,16,79,4,50,145
1awf_mute_9.pdb,321,30,16,77,4,49,145
1awf.pdb,112,14,9,34,1,12,42
1awi_mute_10.pdb,56,0,0,7,1,14,34
1awi_mute_11.pdb,57,0,0,7,1,15,34
1awi_mute_12.pdb,55,0,0,7,1,14,33
1awi_mute_1.pdb,61,0,0,7,1,16,37
1awi_mute_2.pdb,59,0,1,6,1,15,36
1awi_mute_3.pdb,60,0,0,7,1,15,37
1awi_mute_4.pdb,53,0,1,8,1,15,28
1awi_mute_5.pdb,62,0,0,7,1,17,37
1awi_mute_6.pdb,56,0,0,7,1,14,34
1awi_mute_7.pdb,60,0,0,7,1,15,37
1awi_mute_8.pdb,49,0,0,6,1,14,28
1awi_mute_9.pdb,50,0,1,10,1,13,25
1awi.pdb,56,0,1,13,0,8,34
1awq_mute_1.pdb,8,2,2,4,0,0,0
1awq_mute_2.pdb,8,2,2,4,0,0,0
1awq_mute_3.pdb,8,2,2,4,0,0,0
1awq_mute_4.pdb,8,2,2,4,0,0,0
1awq_mute_5.pdb,8,2,2,4,0,0,0
1awq_mute_6.pdb,8,2,2,4,0,0,0
1awq_mute_7.pdb,8,2,2,4,0,0,0
1awq_mute_8.pdb,8,2,2,4,0,0,0
1awq.pdb,36,0,3,9,0,9,15
1aws_mute_1.pdb,8,2,2,4,0,0,0
1aws_mute_2.pdb,8,2,2,4,0,0,0
1aws_mute_3.pdb,8,2,2,4,0,0,0
1aws_mute_4.pdb,4,0,0,2,0,0,2
1aws_mute_5.pdb,8,2,2,4,0,0,0
1aws_mute_6.pdb,8,2,2,4,0,0,0
1aws_mute_7.pdb,8,2,2,4,0,0,0
1aws_mute_8.pdb,8,2,2,4,0,0,0
1aws_mute_9.pdb,8,2,2,4,0,0,0
1aws.pdb,35,0,3,10,0,8,14
1awu_mute_10.pdb,4,1,0,3,0,0,0
1awu_mute_1.pdb,4,1,0,3,0,0,0
1awu_mute_2.pdb,4,1,0,3,0,0,0
1awu_mute_3.pdb,4,1,0,3,0,0,0
1awu_mute_4.pdb,4,1,0,3,0,0,0
1awu_mute_5.pdb,4,1,0,3,0,0,0
1awu_mute_6.pdb,4,0,0,2,0,0,2
1awu_mute_7.pdb,4,1,0,3,0,0,0
1awu_mute_8.pdb,4,1,0,3,0,0,0
1awu_mute_9.pdb,4,1,0,3,0,0,0
1awu.pdb,40,0,3,11,0,9,17
1axa_mute_10.pdb,160,5,8,12,11,46,78
1axa_mute_11.pdb,162,5,8,13,11,46,79
1axa_mute_1.pdb,153,5,7,12,11,46,72
1axa_mute_2.pdb,160,5,8,12,11,47,77
1axa_mute_3.pdb,159,5,8,12,11,47,76
1axa_mute_4.pdb,154,5,10,14,9,44,72
1axa_mute_5.pdb,159,5,8,12,11,47,76
1axa_mute_6.pdb,159,5,8,12,11,47,76
1axa_mute_7.pdb,159,5,8,12,11,48,75
1axa_mute_8.pdb,159,5,8,12,11,47,76
1axa_mute_9.pdb,158,5,8,12,11,47,75
1axa.pdb,153,5,6,10,11,44,77
1ay6_mute_10.pdb,305,32,16,76,3,36,142
1ay6_mute_1.pdb,303,32,16,75,3,36,141
1ay6_mute_2.pdb,301,32,15,73,3,37,141
1ay6_mute_3.pdb,303,32,16,76,3,35,141
1ay6_mute_4.pdb,298,32,15,72,3,36,140
1ay6_mute_5.pdb,299,32,15,72,3,37,140
1ay6_mute_6.pdb,302,32,16,74,3,36,141
1ay6_mute_7.pdb,305,30,16,75,4,39,141
1ay6_mute_8.pdb,302,32,16,75,3,35,141
1ay6_mute_9.pdb,296,33,15,69,3,36,140
1ay6.pdb,120,14,11,39,1,12,43
1ayo_mute_1.pdb,33,5,4,14,0,7,3
1ayo_mute_2.pdb,32,6,2,14,0,6,4
1ayo_mute_3.pdb,32,5,3,14,0,7,3
1ayo_mute_4.pdb,33,5,4,14,0,7,3
1ayo_mute_5.pdb,34,5,3,15,0,7,4
1ayo_mute_6.pdb,35,6,4,14,0,7,4
1ayo_mute_7.pdb,33,5,4,14,0,7,3
1ayo_mute_8.pdb,37,6,5,15,0,7,4
1ayo.pdb,20,4,7,3,1,3,2
1aze_mute_10.pdb,206,39,10,115,0,10,32
1aze_mute_1.pdb,151,29,8,88,0,5,21
1aze_mute_2.pdb,185,37,9,100,0,18,21
1aze_mute_3.pdb,164,44,9,83,0,9,19
1aze_mute_4.pdb,174,33,8,91,0,15,27
1aze_mute_5.pdb,200,34,9,105,0,24,28
1aze_mute_6.pdb,158,31,8,91,0,8,20
1aze_mute_7.pdb,163,36,9,85,0,6,27
1aze_mute_8.pdb,195,39,9,106,0,7,34
1aze_mute_9.pdb,175,22,9,100,0,15,29
1aze.pdb,2814,327,294,440,0,593,1160
1azg_mute_1.pdb,31,1,1,3,2,10,14
1azg_mute_2.pdb,34,1,1,3,2,11,16
1azg_mute_3.pdb,27,0,2,2,2,7,14
1azg_mute_4.pdb,35,1,1,3,2,12,16
1azg_mute_5.pdb,36,3,1,4,2,10,16
1azg_mute_6.pdb,34,0,1,2,2,9,20
1azg_mute_7.pdb,27,0,2,3,2,9,11
1azg.pdb,22,1,0,3,0,5,13
1b34_mute_10.pdb,90,14,11,26,0,6,33
1b34_mute_11.pdb,96,15,13,26,0,8,34
1b34_mute_1.pdb,90,15,12,25,0,6,32
1b34_mute_2.pdb,96,14,13,27,1,7,34
1b34_mute_3.pdb,96,15,13,27,0,7,34
1b34_mute_4.pdb,93,15,12,26,0,6,34
1b34_mute_5.pdb,94,13,13,25,1,8,34
1b34_mute_6.pdb,89,15,11,25,0,6,32
1b34_mute_7.pdb,94,13,13,25,1,8,34
1b34_mute_8.pdb,94,14,12,25,0,8,35
1b34_mute_9.pdb,94,15,13,25,0,7,34
1b34.pdb,80,14,10,24,0,4,28
1b3a_mute_10.pdb,22,4,2,7,2,5,2
1b3a_mute_1.pdb,22,4,3,6,2,4,3
1b3a_mute_2.pdb,23,3,4,6,2,4,4
1b3a_mute_3.pdb,21,4,2,6,2,4,3
1b3a_mute_4.pdb,23,4,2,7,2,4,4
1b3a_mute_5.pdb,29,5,5,7,2,6,4
1b3a_mute_6.pdb,24,4,3,8,2,4,3
1b3a_mute_7.pdb,23,3,3,5,3,6,3
1b3a_mute_8.pdb,22,4,2,7,2,5,2
1b3a_mute_9.pdb,22,4,2,7,2,4,3
1b3a.pdb,80,2,3,12,8,41,14
1b3t_mute_10.pdb,187,12,11,43,4,32,85
1b3t_mute_1.pdb,194,14,10,44,4,33,89
1b3t_mute_2.pdb,204,11,14,47,5,36,91
1b3t_mute_3.pdb,205,11,14,47,5,37,91
1b3t_mute_4.pdb,187,12,11,41,4,32,87
1b3t_mute_5.pdb,187,12,11,41,4,32,87
1b3t_mute_6.pdb,188,12,11,43,4,32,86
1b3t_mute_7.pdb,187,12,10,42,4,31,88
1b3t_mute_8.pdb,203,18,12,48,4,32,89
1b3t_mute_9.pdb,198,11,11,47,5,35,89
1b3t.pdb,208,12,13,47,4,37,95
1b50_mute_1.pdb,504,3,42,73,28,170,188
1b50_mute_2.pdb,,,,,,,
1b50_mute_3.pdb,,,,,,,
1b50_mute_4.pdb,,,,,,,
1b50_mute_5.pdb,,,,,,,
1b50_mute_6.pdb,829,52,129,129,63,290,166
1b50.pdb,5922,134,395,506,538,2398,1951
1b53_mute_1.pdb,31,2,2,4,2,13,8
1b53_mute_2.pdb,32,1,3,5,2,13,8
1b53_mute_3.pdb,29,1,3,3,2,13,7
1b53_mute_4.pdb,28,1,3,3,2,12,7
1b53_mute_5.pdb,30,1,2,5,2,12,8
1b53_mute_6.pdb,31,1,3,5,2,12,8
1b53_mute_7.pdb,32,1,2,5,2,13,9
1b53.pdb,65,2,5,4,5,27,22
1b5g_mute_10.pdb,299,29,14,68,4,46,138
1b5g_mute_11.pdb,302,28,16,66,5,50,137
1b5g_mute_1.pdb,300,29,14,69,4,47,137
1b5g_mute_2.pdb,300,29,14,69,4,46,138
1b5g_mute_3.pdb,299,29,14,69,4,46,137
1b5g_mute_4.pdb,300,29,13,66,4,48,140
1b5g_mute_5.pdb,302,31,14,69,4,46,138
1b5g_mute_6.pdb,301,31,14,69,4,46,137
1b5g_mute_7.pdb,301,30,14,70,4,46,137
1b5g_mute_8.pdb,300,30,14,69,4,46,137
1b5g_mute_9.pdb,300,30,14,68,4,47,137
1b5g.pdb,107,11,9,32,1,11,43
1b5z_mute_1.pdb,26,3,2,13,0,6,2
1b5z_mute_2.pdb,25,2,2,13,0,6,2
1b5z_mute_3.pdb,26,2,2,14,0,6,2
1b5z_mute_4.pdb,25,3,2,13,0,5,2
1b5z_mute_5.pdb,26,2,2,14,0,6,2
1b5z_mute_6.pdb,25,3,2,13,0,5,2
1b5z_mute_7.pdb,26,2,2,14,0,6,2
1b5z_mute_8.pdb,26,2,2,14,0,6,2
1b5z.pdb,36,8,5,9,3,5,6
1b6j_mute_10.pdb,154,5,6,15,10,44,74
1b6j_mute_11.pdb,150,5,8,17,7,43,70
1b6j_mute_12.pdb,159,5,6,15,11,46,76
1b6j_mute_1.pdb,159,5,6,16,12,47,73
1b6j_mute_2.pdb,155,5,6,15,11,48,70
1b6j_mute_3.pdb,161,5,6,15,11,49,75
1b6j_mute_4.pdb,155,5,6,14,10,47,73
1b6j_mute_5.pdb,154,5,6,16,10,44,73
1b6j_mute_6.pdb,155,5,6,15,11,44,74
1b6j_mute_7.pdb,159,5,6,15,12,48,73
1b6j_mute_8.pdb,153,5,6,14,10,43,75
1b6j_mute_9.pdb,157,5,6,15,10,46,75
1b6j.pdb,188,5,8,20,12,51,92
1b6k_mute_1.pdb,136,7,4,12,8,38,67
1b6k_mute_2.pdb,134,7,4,12,7,38,66
1b6k_mute_3.pdb,133,7,4,12,7,38,65
1b6k_mute_4.pdb,135,7,4,12,9,37,66
1b6k_mute_5.pdb,132,7,4,12,9,35,65
1b6k_mute_6.pdb,135,7,4,12,8,39,65
1b6k_mute_7.pdb,133,7,4,12,7,37,66
1b6k.pdb,136,7,4,12,11,39,63
1b6l_mute_10.pdb,130,7,4,14,11,40,54
1b6l_mute_1.pdb,123,7,4,12,10,39,51
1b6l_mute_2.pdb,126,7,4,13,11,38,53
1b6l_mute_3.pdb,133,7,4,14,12,40,56
1b6l_mute_4.pdb,126,7,4,12,11,39,53
1b6l_mute_5.pdb,125,7,4,12,11,38,53
1b6l_mute_6.pdb,124,7,4,12,10,36,55
1b6l_mute_7.pdb,131,7,4,14,11,40,55
1b6l_mute_8.pdb,127,7,4,13,10,39,54
1b6l_mute_9.pdb,132,7,4,14,12,40,55
1b6l.pdb,129,7,3,13,11,41,54
1b6m_mute_1.pdb,118,7,5,14,13,44,35
1b6m_mute_2.pdb,119,7,5,14,13,44,36
1b6m_mute_3.pdb,123,7,6,14,13,44,39
1b6m_mute_4.pdb,121,7,5,14,13,45,37
1b6m_mute_5.pdb,120,7,4,14,13,43,39
1b6m_mute_6.pdb,118,7,4,14,11,43,39
1b6m_mute_7.pdb,126,7,5,14,13,45,42
1b6m_mute_8.pdb,121,7,4,14,13,45,38
1b6m.pdb,111,7,4,12,11,39,38
1b6p_mute_10.pdb,119,7,4,14,13,43,38
1b6p_mute_11.pdb,123,7,4,14,13,46,39
1b6p_mute_1.pdb,120,7,4,14,13,44,38
1b6p_mute_2.pdb,83,2,3,13,3,19,43
1b6p_mute_3.pdb,118,7,4,13,13,45,36
1b6p_mute_4.pdb,87,2,2,20,1,14,48
1b6p_mute_5.pdb,116,7,5,12,12,44,36
1b6p_mute_6.pdb,85,2,2,21,1,14,45
1b6p_mute_7.pdb,72,2,2,12,1,14,41
1b6p_mute_8.pdb,124,7,4,14,13,45,41
1b6p_mute_9.pdb,123,7,4,14,13,44,41
1b6p.pdb,111,7,4,12,11,39,38
1b72_mute_1.pdb,13,13,0,0,0,0,0
1b72_mute_2.pdb,13,13,0,0,0,0,0
1b72_mute_3.pdb,13,13,0,0,0,0,0
1b72_mute_4.pdb,13,13,0,0,0,0,0
1b72_mute_5.pdb,13,13,0,0,0,0,0
1b72_mute_6.pdb,13,13,0,0,0,0,0
1b72_mute_7.pdb,13,13,0,0,0,0,0
1b72_mute_8.pdb,13,13,0,0,0,0,0
1b72.pdb,27,1,2,6,0,4,14
1b7x_mute_10.pdb,266,28,13,67,2,31,125
1b7x_mute_1.pdb,269,29,13,69,2,31,125
1b7x_mute_2.pdb,270,29,13,68,2,31,127
1b7x_mute_3.pdb,270,29,13,68,2,31,127
1b7x_mute_4.pdb,270,29,13,66,2,31,129
1b7x_mute_5.pdb,268,29,13,67,2,31,126
1b7x_mute_6.pdb,266,27,13,68,2,31,125
1b7x_mute_7.pdb,269,28,13,67,2,31,128
1b7x_mute_8.pdb,268,29,13,67,2,31,126
1b7x_mute_9.pdb,270,29,13,68,2,31,127
1b7x.pdb,115,15,6,43,1,11,39
1b88_mute_10.pdb,8,0,1,2,0,3,2
1b88_mute_11.pdb,9,0,1,2,0,3,3
1b88_mute_12.pdb,9,0,1,2,0,3,3
1b88_mute_1.pdb,8,0,1,2,0,3,2
1b88_mute_2.pdb,9,0,1,2,0,3,3
1b88_mute_3.pdb,9,0,1,2,0,3,3
1b88_mute_4.pdb,8,0,1,2,0,3,2
1b88_mute_5.pdb,9,0,1,2,0,3,3
1b88_mute_6.pdb,8,0,1,2,0,3,2
1b88_mute_7.pdb,9,0,1,2,0,3,3
1b88_mute_8.pdb,8,0,0,2,0,3,3
1b88_mute_9.pdb,9,0,1,2,0,3,3
1b88.pdb,35,2,6,4,6,12,5
1b8m_mute_1.pdb,126,9,12,22,8,17,58
1b8m_mute_2.pdb,126,9,11,22,8,17,59
1b8m_mute_3.pdb,122,9,11,20,8,17,57
1b8m_mute_4.pdb,124,8,12,22,7,17,58
1b8m_mute_5.pdb,122,9,11,20,8,17,57
1b8m_mute_6.pdb,125,9,11,20,8,17,60
1b8m_mute_7.pdb,122,9,11,20,8,17,57
1b8m_mute_8.pdb,122,8,12,20,7,17,58
1b8m.pdb,115,9,11,17,10,17,51
1b98_mute_10.pdb,131,9,14,23,7,14,64
1b98_mute_11.pdb,129,10,16,26,5,14,58
1b98_mute_1.pdb,124,11,13,23,5,14,58
1b98_mute_2.pdb,122,10,13,21,5,15,58
1b98_mute_3.pdb,123,10,13,21,5,14,60
1b98_mute_4.pdb,123,10,13,23,5,14,58
1b98_mute_5.pdb,126,9,15,23,6,14,59
1b98_mute_6.pdb,123,9,13,23,5,14,59
1b98_mute_7.pdb,129,8,16,24,7,16,58
1b98_mute_8.pdb,130,11,16,26,5,14,58
1b98_mute_9.pdb,131,10,15,23,7,14,62
1b98.pdb,116,9,4,23,6,13,61
1b9e_mute_1.pdb,170,3,8,32,1,34,92
1b9e_mute_2.pdb,168,3,8,33,1,29,94
1b9e_mute_3.pdb,175,3,8,33,1,35,95
1b9e_mute_4.pdb,177,3,8,33,1,36,96
1b9e_mute_5.pdb,171,2,8,32,1,34,94
1b9e_mute_6.pdb,174,2,8,34,1,34,95
1b9e_mute_7.pdb,179,2,9,38,2,34,94
1b9e.pdb,162,6,9,24,3,29,91
1ba8_mute_10.pdb,321,32,16,78,5,51,139
1ba8_mute_1.pdb,319,32,16,77,5,51,138
1ba8_mute_2.pdb,318,31,16,76,5,51,139
1ba8_mute_4.pdb,321,32,16,77,5,51,140
1ba8_mute_5.pdb,323,32,16,79,5,51,140
1ba8_mute_6.pdb,320,32,16,77,5,51,139
1ba8_mute_7.pdb,321,32,15,77,5,51,141
1ba8_mute_8.pdb,320,32,16,77,5,51,139
1ba8_mute_9.pdb,319,31,16,77,5,52,138
1ba8.pdb,114,11,8,34,1,12,48
1bb0_mute_1.pdb,265,28,13,74,3,29,118
1bb0_mute_2.pdb,263,28,13,75,3,29,115
1bb0_mute_3.pdb,272,33,13,75,3,31,117
1bb0_mute_4.pdb,267,29,13,75,3,30,117
1bb0_mute_5.pdb,255,26,13,70,3,29,114
1bb0_mute_6.pdb,265,30,13,74,3,29,116
1bb0_mute_7.pdb,265,28,13,76,3,29,116
1bb0_mute_8.pdb,264,30,13,74,3,29,115
1bb0_mute_9.pdb,264,30,13,74,3,29,115
1bb0.pdb,102,12,6,32,1,10,41
1bb3_mute_1.pdb,26,2,2,14,0,6,2
1bb3_mute_2.pdb,26,3,2,13,0,6,2
1bb3_mute_3.pdb,26,2,2,14,0,6,2
1bb3_mute_4.pdb,26,2,2,14,0,6,2
1bb3_mute_5.pdb,26,2,2,14,0,6,2
1bb3_mute_6.pdb,26,4,2,13,0,5,2
1bb3_mute_7.pdb,24,3,2,13,0,4,2
1bb3_mute_8.pdb,26,4,2,13,0,5,2
1bb3_mute_9.pdb,26,2,2,14,0,6,2
1bb3.pdb,40,8,6,10,3,7,6
1bb4_mute_10.pdb,26,2,2,14,0,6,2
1bb4_mute_11.pdb,26,2,2,14,0,6,2
1bb4_mute_1.pdb,26,3,2,13,0,6,2
1bb4_mute_2.pdb,26,2,2,14,0,6,2
1bb4_mute_3.pdb,23,2,2,13,0,4,2
1bb4_mute_4.pdb,26,2,2,14,0,6,2
1bb4_mute_5.pdb,25,3,2,13,0,5,2
1bb4_mute_6.pdb,26,2,2,14,0,6,2
1bb4_mute_7.pdb,26,2,2,14,0,6,2
1bb4_mute_8.pdb,26,2,2,14,0,6,2
1bb4_mute_9.pdb,26,2,2,14,0,6,2
1bb4.pdb,37,7,5,9,3,7,6
1bb5_mute_10.pdb,26,2,2,14,0,6,2
1bb5_mute_1.pdb,26,2,2,14,0,6,2
1bb5_mute_2.pdb,27,4,2,13,0,6,2
1bb5_mute_3.pdb,25,2,2,13,0,6,2
1bb5_mute_4.pdb,26,2,2,14,0,6,2
1bb5_mute_5.pdb,25,2,2,13,0,6,2
1bb5_mute_6.pdb,26,2,2,14,0,6,2
1bb5_mute_7.pdb,26,3,2,13,0,6,2
1bb5_mute_8.pdb,25,2,2,13,0,6,2
1bb5_mute_9.pdb,26,2,2,14,0,6,2
1bb5.pdb,44,10,6,12,3,7,6
1bbz_mute_10.pdb,110,3,0,13,2,41,51
1bbz_mute_11.pdb,105,3,0,7,1,41,53
1bbz_mute_1.pdb,109,3,0,9,1,41,55
1bbz_mute_2.pdb,99,2,0,7,3,38,49
1bbz_mute_3.pdb,115,3,0,9,2,41,60
1bbz_mute_4.pdb,112,3,0,9,1,41,58
1bbz_mute_5.pdb,121,3,0,15,3,42,58
1bbz_mute_6.pdb,113,2,0,12,2,43,54
1bbz_mute_7.pdb,96,3,0,5,2,38,48
1bbz_mute_8.pdb,101,3,0,5,1,41,51
1bbz_mute_9.pdb,138,2,7,18,4,62,45
1bbz.pdb,272,0,15,30,23,104,100
1bck_mute_1.pdb,7,0,1,1,2,3,0
1bck_mute_2.pdb,7,0,1,1,2,3,0
1bck_mute_3.pdb,7,0,1,1,2,3,0
1bck_mute_4.pdb,8,0,2,1,2,3,0
1bck_mute_5.pdb,7,0,1,1,2,3,0
1bck_mute_6.pdb,7,0,1,1,2,3,0
1bck_mute_7.pdb,7,0,1,1,2,3,0
1bck_mute_8.pdb,7,0,1,1,2,3,0
1bck.pdb,10,0,0,1,5,4,0
1bcu_mute_10.pdb,275,30,13,70,3,31,128
1bcu_mute_1.pdb,275,31,13,69,3,31,128
1bcu_mute_2.pdb,283,31,13,73,3,32,131
1bcu_mute_3.pdb,279,31,13,71,3,32,129
1bcu_mute_4.pdb,278,31,13,71,3,31,129
1bcu_mute_5.pdb,275,31,13,69,3,31,128
1bcu_mute_6.pdb,275,30,13,70,3,31,128
1bcu_mute_7.pdb,278,31,13,71,3,31,129
1bcu_mute_8.pdb,279,30,13,73,3,31,129
1bcu_mute_9.pdb,278,30,13,73,3,32,127
1bcu.pdb,109,13,7,34,1,11,43
1bdl_mute_1.pdb,162,5,6,14,11,46,80
1bdl_mute_2.pdb,161,5,6,14,11,45,80
1bdl_mute_3.pdb,160,5,6,14,11,46,78
1bdl_mute_4.pdb,161,5,6,14,11,46,79
1bdl_mute_5.pdb,162,5,6,14,11,45,81
1bdl.pdb,159,5,5,12,12,46,79
1bdq_mute_10.pdb,159,5,6,14,11,44,79
1bdq_mute_11.pdb,160,5,6,14,11,45,79
1bdq_mute_1.pdb,162,5,6,14,11,46,80
1bdq_mute_2.pdb,160,5,6,14,11,44,80
1bdq_mute_3.pdb,161,5,6,14,11,45,80
1bdq_mute_4.pdb,160,5,6,14,11,44,80
1bdq_mute_5.pdb,164,5,6,14,11,46,82
1bdq_mute_6.pdb,162,5,6,14,11,46,80
1bdq_mute_7.pdb,163,5,6,14,11,46,81
1bdq_mute_8.pdb,152,5,6,12,11,44,74
1bdq_mute_9.pdb,163,5,6,14,11,46,81
1bdq.pdb,156,5,4,12,11,46,78
1bdr_mute_1.pdb,160,5,6,14,11,45,79
1bdr_mute_2.pdb,159,5,6,14,11,45,78
1bdr_mute_3.pdb,162,5,6,14,11,46,80
1bdr_mute_4.pdb,160,5,6,14,11,44,80
1bdr_mute_5.pdb,158,5,6,14,11,45,77
1bdr_mute_6.pdb,161,5,6,14,11,45,80
1bdr_mute_7.pdb,153,5,6,13,11,44,74
1bdr_mute_8.pdb,161,5,6,14,11,45,80
1bdr.pdb,155,5,4,11,11,46,78
1ben_mute_10.pdb,172,3,8,30,1,33,97
1ben_mute_11.pdb,176,3,8,31,1,36,97
1ben_mute_12.pdb,177,3,8,31,1,35,99
1ben_mute_1.pdb,172,3,8,29,1,34,97
1ben_mute_2.pdb,190,4,9,36,3,40,98
1ben_mute_3.pdb,178,2,8,32,1,37,98
1ben_mute_4.pdb,174,3,8,32,1,34,96
1ben_mute_5.pdb,176,3,8,30,1,36,98
1ben_mute_6.pdb,171,2,8,31,1,35,94
1ben_mute_7.pdb,189,3,9,34,2,38,103
1ben_mute_8.pdb,174,3,8,30,1,35,97
1ben_mute_9.pdb,171,3,8,30,1,31,98
1ben.pdb,161,6,11,21,4,32,87
1bh8_mute_10.pdb,7,0,0,1,0,3,3
1bh8_mute_11.pdb,110,1,0,21,2,20,66
1bh8_mute_12.pdb,108,1,0,20,2,20,65
1bh8_mute_1.pdb,7,0,0,1,0,3,3
1bh8_mute_2.pdb,7,0,0,1,0,3,3
1bh8_mute_3.pdb,109,1,0,21,2,19,66
1bh8_mute_4.pdb,8,0,0,1,0,3,4
1bh8_mute_5.pdb,7,0,0,1,0,3,3
1bh8_mute_6.pdb,7,0,0,1,0,3,3
1bh8_mute_7.pdb,111,1,0,21,2,20,67
1bh8_mute_8.pdb,7,0,0,1,0,3,3
1bh8_mute_9.pdb,7,0,0,1,0,3,3
1bh8.pdb,117,3,3,25,3,19,64
1bh9_mute_1.pdb,8,0,0,1,0,3,4
1bh9_mute_2.pdb,8,0,0,1,0,3,4
1bh9_mute_3.pdb,7,0,0,1,0,3,3
1bh9_mute_4.pdb,110,1,0,21,2,20,66
1bh9_mute_5.pdb,7,0,0,1,0,3,3
1bh9_mute_6.pdb,7,0,0,1,0,3,3
1bh9_mute_7.pdb,8,0,0,1,0,3,4
1bh9_mute_8.pdb,7,0,0,1,0,3,3
1bh9_mute_9.pdb,7,0,0,1,0,3,3
1bh9.pdb,115,3,3,24,2,19,64
1bhf_mute_10.pdb,5,0,3,2,0,0,0
1bhf_mute_1.pdb,5,0,3,2,0,0,0
1bhf_mute_2.pdb,5,0,3,2,0,0,0
1bhf_mute_3.pdb,7,0,1,1,2,3,0
1bhf_mute_4.pdb,5,0,3,2,0,0,0
1bhf_mute_5.pdb,5,0,3,2,0,0,0
1bhf_mute_6.pdb,5,0,3,2,0,0,0
1bhf_mute_7.pdb,6,0,3,3,0,0,0
1bhf_mute_8.pdb,6,0,3,3,0,0,0
1bhf_mute_9.pdb,6,0,3,3,0,0,0
1bhf.pdb,20,6,0,7,0,2,5
1bhh_mute_10.pdb,9,0,1,1,0,4,3
1bhh_mute_11.pdb,12,0,1,4,0,4,3
1bhh_mute_12.pdb,10,0,1,2,0,4,3
1bhh_mute_1.pdb,9,0,1,1,0,4,3
1bhh_mute_2.pdb,9,0,1,1,0,4,3
1bhh_mute_3.pdb,9,0,1,1,0,4,3
1bhh_mute_4.pdb,9,0,1,1,0,4,3
1bhh_mute_5.pdb,8,0,1,1,0,4,2
1bhh_mute_6.pdb,8,0,1,1,0,4,2
1bhh_mute_7.pdb,9,0,1,1,0,4,3
1bhh_mute_8.pdb,9,0,1,1,0,4,3
1bhh_mute_9.pdb,8,0,1,1,0,4,2
1bhh.pdb,37,6,5,12,2,5,7
1bhx_mute_10.pdb,514,46,34,124,12,97,201
1bhx_mute_11.pdb,500,43,35,121,13,93,195
1bhx_mute_1.pdb,500,44,34,118,13,92,199
1bhx_mute_2.pdb,505,44,33,120,13,95,200
1bhx_mute_3.pdb,502,44,33,118,13,94,200
1bhx_mute_4.pdb,506,45,33,121,13,94,200
1bhx_mute_5.pdb,502,45,33,120,13,92,199
1bhx_mute_6.pdb,500,45,33,121,12,90,199
1bhx_mute_7.pdb,506,44,33,121,13,95,200
1bhx_mute_8.pdb,514,45,34,124,13,94,204
1bhx_mute_9.pdb,499,43,34,122,12,90,198
1bhx.pdb,402,24,30,103,10,74,161
1bis_mute_10.pdb,142,15,18,33,3,24,49
1bis_mute_11.pdb,135,14,14,32,3,24,48
1bis_mute_1.pdb,137,14,17,33,6,20,47
1bis_mute_2.pdb,134,14,16,31,3,23,47
1bis_mute_3.pdb,139,14,15,34,3,24,49
1bis_mute_4.pdb,137,14,17,32,3,24,47
1bis_mute_5.pdb,129,11,14,31,5,21,47
1bis_mute_6.pdb,130,12,16,31,3,22,46
1bis_mute_7.pdb,125,12,14,30,5,21,43
1bis_mute_8.pdb,128,12,15,29,5,20,47
1bis_mute_9.pdb,139,13,15,34,4,24,49
1bis.pdb,108,11,8,29,0,17,43
1biz_mute_10.pdb,136,15,16,34,2,23,46
1biz_mute_11.pdb,148,16,16,41,4,22,49
1biz_mute_12.pdb,150,13,18,39,4,25,51
1biz_mute_1.pdb,129,15,16,33,1,16,48
1biz_mute_2.pdb,153,15,17,44,4,23,50
1biz_mute_3.pdb,136,18,14,35,3,21,45
1biz_mute_4.pdb,143,16,17,36,3,23,48
1biz_mute_5.pdb,150,15,17,42,4,22,50
1biz_mute_6.pdb,151,16,16,40,3,22,54
1biz_mute_7.pdb,381,21,22,87,19,63,169
1biz_mute_8.pdb,148,16,17,39,4,24,48
1biz_mute_9.pdb,138,15,17,37,3,23,43
1biz.pdb,108,13,6,30,0,15,44
1bkv_mute_1.pdb,27,0,0,2,0,0,25
1bkv_mute_2.pdb,26,0,0,4,0,1,21
1bkv_mute_3.pdb,16,1,1,5,0,0,9
1bkv_mute_4.pdb,32,1,0,3,0,0,28
1bkv_mute_5.pdb,30,0,0,0,0,0,30
1bkv.pdb,219,2,1,18,2,13,183
1bkz_mute_1.pdb,23,3,1,5,2,9,3
1bkz_mute_2.pdb,23,2,1,6,2,9,3
1bkz_mute_3.pdb,23,2,1,6,2,9,3
1bkz_mute_4.pdb,25,3,3,5,2,9,3
1bkz_mute_5.pdb,22,2,1,5,2,9,3
1bkz_mute_6.pdb,25,3,3,5,2,10,2
1bkz_mute_7.pdb,23,2,1,6,2,9,3
1bkz_mute_8.pdb,20,1,1,5,2,8,3
1bkz.pdb,65,15,5,13,0,9,23
1bl4_mute_10.pdb,26,4,3,7,2,6,4
1bl4_mute_11.pdb,24,4,3,4,1,8,4
1bl4_mute_12.pdb,23,3,2,7,2,5,4
1bl4_mute_13.pdb,24,4,2,8,1,5,4
1bl4_mute_14.pdb,27,4,3,7,2,6,5
1bl4_mute_15.pdb,27,4,3,7,2,6,5
1bl4_mute_1.pdb,27,4,3,7,2,6,5
1bl4_mute_2.pdb,25,4,2,7,2,6,4
1bl4_mute_3.pdb,23,4,2,6,2,6,3
1bl4_mute_4.pdb,24,4,2,7,2,6,3
1bl4_mute_5.pdb,27,4,3,7,2,6,5
1bl4_mute_6.pdb,21,4,2,6,1,5,3
1bl4_mute_7.pdb,23,4,4,4,1,5,5
1bl4_mute_8.pdb,22,4,4,4,2,5,3
1bl4_mute_9.pdb,23,3,3,5,2,5,5
1bl4.pdb,10,4,2,4,0,0,0
1bm2_mute_10.pdb,5,0,1,1,0,1,2
1bm2_mute_11.pdb,5,0,1,1,0,1,2
1bm2_mute_1.pdb,6,0,2,1,0,1,2
1bm2_mute_2.pdb,6,0,1,1,0,1,3
1bm2_mute_3.pdb,4,0,1,1,0,1,1
1bm2_mute_4.pdb,5,0,1,1,0,1,2
1bm2_mute_5.pdb,4,0,1,1,0,1,1
1bm2_mute_6.pdb,6,0,1,1,0,1,3
1bm2_mute_7.pdb,5,0,1,1,0,1,2
1bm2_mute_8.pdb,6,0,1,1,0,1,3
1bm2_mute_9.pdb,5,0,1,1,0,1,2
1bm2.pdb,16,0,2,2,0,9,3
1bm7_mute_1.pdb,23,6,3,4,0,5,5
1bm7_mute_2.pdb,23,6,3,4,0,5,5
1bm7_mute_3.pdb,24,6,3,5,0,5,5
1bm7_mute_4.pdb,24,7,3,4,0,5,5
1bm7_mute_5.pdb,25,6,3,5,0,6,5
1bm7_mute_6.pdb,23,6,3,4,0,5,5
1bm7_mute_7.pdb,25,6,3,5,0,6,5
1bm7_mute_8.pdb,24,6,3,4,0,6,5
1bm7_mute_9.pdb,23,6,3,4,0,5,5
1bm7.pdb,76,4,8,20,7,14,23
1bmb_mute_1.pdb,3,1,1,0,0,1,0
1bmb_mute_2.pdb,3,1,1,0,0,1,0
1bmb_mute_3.pdb,3,1,1,0,0,1,0
1bmb_mute_4.pdb,3,1,1,0,0,1,0
1bmb_mute_5.pdb,3,1,1,0,0,1,0
1bmb_mute_6.pdb,3,1,1,0,0,1,0
1bmb_mute_7.pdb,3,1,1,0,0,1,0
1bmb_mute_8.pdb,3,1,1,0,0,1,0
1bmb_mute_9.pdb,3,1,1,0,0,1,0
1bmb.pdb,21,0,2,5,0,10,4
